<?xml version="1.0" encoding="UTF-8"?>
<project-private xmlns="http://www.netbeans.org/ns/project-private/1">
    <editor-bookmarks xmlns="http://www.netbeans.org/ns/editor-bookmarks/2" lastBookmarkId="0"/>
    <open-files xmlns="http://www.netbeans.org/ns/projectui-open-files/2">
        <group>
            <file>file:/C:/Users/orcun/Desktop/PhpProject1/css.css</file>
            <file>file:/C:/Users/orcun/Desktop/PhpProject1/createAnnouncementApply.php</file>
            <file>file:/C:/Users/orcun/Desktop/PhpProject1/ShowExamResult.php</file>
            <file>file:/C:/Users/orcun/Desktop/PhpProject1/AnnouncementApply.html</file>
            <file>file:/C:/Users/orcun/Desktop/PhpProject1/loginError.html</file>
            <file>file:/C:/Users/orcun/Desktop/PhpProject1/createAnnouncement.php</file>
            <file>file:/C:/Users/orcun/Desktop/PhpProject1/createExamApply.php</file>
            <file>file:/C:/Users/orcun/Desktop/PhpProject1/adminPage.php</file>
            <file>file:/C:/Users/orcun/Desktop/PhpProject1/createExam.php</file>
            <file>file:/C:/Users/orcun/Desktop/PhpProject1/createExamTF.php</file>
            <file>file:/C:/Users/orcun/Desktop/PhpProject1/ApproveDemandApply.php</file>
            <file>file:/C:/Users/orcun/Desktop/PhpProject1/changePwd.php</file>
            <file>file:/C:/Users/orcun/Desktop/PhpProject1/studentexam.php</file>
            <file>file:/C:/Users/orcun/Desktop/PhpProject1/createexamApplyTF.php</file>
            <file>file:/C:/Users/orcun/Desktop/PhpProject1/changePasswordApply.php</file>
            <file>file:/C:/Users/orcun/Desktop/PhpProject1/changePassword.php</file>
            <file>file:/C:/Users/orcun/Desktop/PhpProject1/index.php</file>
            <file>file:/C:/Users/orcun/Desktop/PhpProject1/login.php</file>
            <file>file:/C:/Users/orcun/Desktop/PhpProject1/teacherPage.php</file>
            <file>file:/C:/Users/orcun/Desktop/PhpProject1/createExam1.php</file>
            <file>file:/C:/Users/orcun/Desktop/PhpProject1/ApproveDemand.php</file>
        </group>
    </open-files>
</project-private>
