<?xml version="1.0" encoding="UTF-8"?>
<project-private xmlns="http://www.netbeans.org/ns/project-private/1">
    <editor-bookmarks xmlns="http://www.netbeans.org/ns/editor-bookmarks/2" lastBookmarkId="0"/>
    <open-files xmlns="http://www.netbeans.org/ns/projectui-open-files/2">
        <group>
            <file>file:/C:/Users/durukan%20meşe/Desktop/PhpProject1/registerStudent.html</file>
            <file>file:/C:/Users/durukan%20meşe/Desktop/PhpProject1/createExamFinish.php</file>
            <file>file:/C:/Users/durukan%20meşe/Desktop/PhpProject1/ChooseTheExam.php</file>
            <file>file:/C:/Users/durukan%20meşe/Desktop/PhpProject1/createExamApply.php</file>
            <file>file:/C:/Users/durukan%20meşe/Desktop/PhpProject1/studentexam.php</file>
            <file>file:/C:/Users/durukan%20meşe/Desktop/PhpProject1/createExam.php</file>
        </group>
    </open-files>
</project-private>
